current_peak_A,ch1_R_1w_Vrms,ch1_theta_1w_deg,ch1_R_2w_Vrms,ch1_theta_2w_deg,ch2_R_1w_Vrms,ch2_theta_1w_deg,ch2_R_2w_Vrms,ch2_theta_2w_deg
1e-07,2.846288e-05,-0.0232,8.879666e-09,96.755,2.557752e-05,18.7078,1.9115999999999998e-05,-32.0988
2.3571428571428572e-07,6.414916000000001e-05,-0.04340000000000001,8.297444e-08,-148.8978,3.517492e-05,-45.7572,2.7225239999999998e-05,137.72320000000002
3.7142857142857145e-07,0.0001027468,-0.0112,3.5981912e-08,-123.673,3.2736280000000006e-05,-73.2154,1.4809996000000001e-05,46.888600000000004
5.071428571428572e-07,0.0001414922,-0.08560000000000001,7.405494e-08,58.001999999999995,4.712868e-05,-68.2972,2.310108e-05,165.60399999999998
6.428571428571429e-07,0.0001800888,-0.014600000000000002,5.595646e-08,78.3026,4.7462820000000004e-05,-82.80539999999999,2.4438879999999996e-05,-28.755599999999998
7.785714285714286e-07,0.00021873639999999997,0.0021999999999999997,5.159511999999999e-08,-137.699,6.243802e-05,-89.35959999999999,2.5683919999999998e-05,-20.1564
9.142857142857144e-07,0.0002573908,-0.006200000000000001,8.4816e-08,19.856399999999997,8.874077999999998e-05,-105.90619999999998,2.68363e-05,134.0578
1.0500000000000001e-06,0.000295916,0.0016,6.125126e-08,90.21700000000001,9.175031999999999e-05,-111.7076,3.774982e-05,71.6514
1.185714285714286e-06,0.000334661,-0.0124,3.6843639999999993e-08,-89.91240000000002,0.00010039568000000001,-98.79560000000001,2.40233e-05,51.7306
1.3214285714285717e-06,0.0003732224,-0.058800000000000005,4.860052e-08,-76.0162,0.0001393062,-105.5722,2.164826e-05,46.7348
1.4571428571428571e-06,0.000411902,-0.038,7.305212e-08,91.0768,0.00012708240000000002,-111.546,2.3023000000000003e-05,-121.46759999999999
1.592857142857143e-06,0.0004505278,-0.022000000000000002,1.0798134e-07,143.18179999999998,0.00014737860000000003,-103.49839999999999,2.410492e-05,93.26780000000001
1.7285714285714287e-06,0.0004892104,-0.051000000000000004,2.525528e-08,18.515000000000008,0.00018419219999999997,-116.55639999999998,1.537442e-05,45.4216
1.8642857142857145e-06,0.0005278682,-0.0518,4.5769099999999997e-08,-5.718,0.0001966308,-107.56320000000001,2.3149266e-05,-142.7472
2e-06,0.0005665602000000001,-0.0058000000000000005,7.011142e-08,95.0932,0.0001949466,-100.999,1.677706e-05,101.79979999999999
